supplier_name,address,email
Thompson-Jakubowski,24 Beilfuss Avenue,vforrester0@webs.com
"Reichert, Spinka and Fisher",8005 Huxley Crossing,hkauschke1@paypal.com
"Littel, Terry and Mraz",08 Elgar Lane,mjenteau2@live.com
Lang LLC,000 Melrose Lane,gcaselick3@wiley.com
Ebert Inc,7717 Vermont Point,sscotchmoor4@apple.com
"Johnson, Reilly and Zulauf",434 Kensington Plaza,hkeddie5@slate.com
Schumm-Witting,22479 Norway Maple Way,spackwood6@independent.co.uk
Brekke and Sons,9756 Northfield Circle,ecollihole7@pagesperso-orange.fr
"Grant, Tillman and Mills",571 Armistice Road,qsmyth8@nhs.uk
"Dooley, Hills and Champlin",63 Buena Vista Circle,kdeakan9@bizjournals.com
Schumm-O'Keefe,62994 Kingsford Place,rwerretta@google.ca
"Shields, King and Littel",6881 Crest Line Park,anorthb@creativecommons.org
Marks Inc,99856 Buhler Avenue,jdivellc@friendfeed.com
Von-Koelpin,4792 Bunker Hill Place,gblonfieldd@toplist.cz
"McClure, McKenzie and Heaney",8959 Corben Point,khargeriee@fc2.com
Wyman and Sons,914 Warrior Street,ahavilef@sitemeter.com
Kuhlman Inc,345 Cottonwood Plaza,dadneg@multiply.com
"Mante, Corkery and Heaney",2716 Upham Point,pgallienneh@chronoengine.com
Treutel LLC,66674 Lyons Alley,cterbeeki@spiegel.de
"Weber, Lemke and Cartwright",717 Truax Drive,wpallantj@china.com.cn
Upton-Jacobson,924 Mitchell Road,bdezuanik@soundcloud.com
"Jacobson, Keeling and Ankunding",1681 Loftsgordon Drive,rnortheyl@cyberchimps.com
Zboncak Group,6 Katie Crossing,pakramm@marriott.com
"McDermott, Hagenes and Kohler",4 Anzinger Lane,ssmalesn@fastcompany.com
Macejkovic-Cole,33 Utah Circle,fpesico@free.fr
Schowalter-Jacobson,9 Messerschmidt Court,crichemondp@thetimes.co.uk
"Thompson, Hayes and Glover",6 Mallory Way,agowthorpeq@un.org
Beier LLC,8 Holmberg Trail,elovier@amazonaws.com
Rippin-Jones,64 Talisman Road,hdeschleins@smh.com.au
Schowalter-Weber,9494 Maple Wood Court,dfrostdyket@amazon.com
"Stracke, VonRueden and Kassulke",5635 Dwight Drive,fjosephyu@nhs.uk
Stehr-Jones,9 Golf View Trail,msimkovichv@drupal.org
Heidenreich Group,8161 Briar Crest Parkway,elockyerw@japanpost.jp
Marks-Wiegand,29 Pawling Street,nderoeckx@163.com
Schaden-Quitzon,608 International Drive,civashchenkoy@google.co.uk
Blick Inc,5 Anniversary Plaza,ogreenmanz@mail.ru
Rath-Leffler,2 Mayfield Court,klangsbury10@ezinearticles.com
Hermiston-Yundt,2148 Forest Dale Parkway,bmacalinden11@topsy.com
McGlynn-Berge,780 5th Avenue,cboutellier12@nps.gov
"Howe, Cruickshank and Nienow",33 Barnett Place,spellew13@washington.edu
Cartwright-Muller,41 Merchant Circle,vcampa14@e-recht24.de
Cartwright LLC,55 Barnett Way,mscrogges15@sbwire.com
Langworth Group,9 Lunder Lane,mmadine16@oracle.com
Gulgowski-Dietrich,680 Oneill Center,ahugonin17@virginia.edu
"Wyman, Hilll and Koss",2 Laurel Trail,scoffee18@unblog.fr
"McClure, Haley and Ebert",6792 Hoard Street,rwoollam19@cocolog-nifty.com
"Nienow, Schaefer and Bergstrom",6 Sauthoff Point,bastles1a@icio.us
Stokes LLC,323 Saint Paul Way,gscollard1b@liveinternet.ru
"Ledner, Weber and Hermann",9642 1st Trail,flegrand1c@fc2.com
Hamill-Yundt,110 Clove Alley,vledger1d@i2i.jp
Roob-O'Conner,0162 Main Circle,jskitch1e@cocolog-nifty.com
Hintz Group,64415 Reinke Street,bmaceur1f@tripod.com
Klocko Inc,91039 Hovde Hill,aknowles1g@hc360.com
Friesen LLC,340 Everett Center,lpeterkin1h@com.com
Wolf-Stokes,3825 Garrison Junction,jneenan1i@fda.gov
Hills-Rogahn,09 Saint Paul Avenue,snield1j@angelfire.com
Reinger Group,1 Pleasure Terrace,mclemetts1k@ted.com
Goyette-Gutkowski,4 Paget Trail,lbase1l@jalbum.net
Stiedemann Group,059 Lake View Lane,jvergo1m@123-reg.co.uk
"Rogahn, Koelpin and O'Hara",1185 Esch Circle,lwoodford1n@blogtalkradio.com
"Gutmann, Hoeger and Jenkins",984 Washington Road,gpimblott1o@narod.ru
Marks-Funk,1673 Kensington Drive,vodunniom1p@google.com
Kerluke-Dietrich,7 Scofield Park,dshulver1q@xinhuanet.com
Medhurst Inc,7237 Paget Alley,dscadden1r@cnbc.com
"Muller, Schuppe and Wiza",993 Victoria Way,smence1s@ucoz.ru
Dicki-Zemlak,187 Hauk Park,aepelett1t@cafepress.com
Daniel-Beahan,61670 David Road,njimenez1u@1und1.de
Altenwerth-Swift,7 Hanover Crossing,amattson1v@livejournal.com
Baumbach Inc,1428 Bowman Junction,nbrodest1w@stanford.edu
Funk-Tillman,83445 Stephen Crossing,tdresche1x@addthis.com
Spinka-Kuvalis,2524 Delladonna Parkway,vraft1y@so-net.ne.jp
"Predovic, Walsh and Flatley",46270 Truax Park,nwallsam1z@unicef.org
Russel Inc,83 Sommers Drive,elevens20@de.vu
"Koepp, Collins and Sawayn",9 Rigney Way,ddensumbe21@flavors.me
Murray-Kuhn,58 Kingsford Park,cpapaccio22@wiley.com
Homenick-Johns,86520 Bashford Circle,cmuffett23@flavors.me
"Gislason, Dickinson and Kshlerin",35292 Atwood Drive,kfoxhall24@patch.com
McDermott-Lueilwitz,7128 Coolidge Hill,cwhitlaw25@cisco.com
Mraz-Heathcote,6 Knutson Crossing,faxtonne26@cafepress.com
Howe and Sons,2 Cascade Center,dnote27@naver.com
Schimmel and Sons,055 Glacier Hill Trail,etoppin28@photobucket.com
"Rempel, Runolfsson and Quitzon",2002 Atwood Way,mfreezor29@hexun.com
Spencer and Sons,6179 Pierstorff Junction,brocca2a@youtu.be
"Tillman, Block and Rowe",588 New Castle Park,barbon2b@imdb.com
"Barrows, Bruen and White",84107 Laurel Road,ameeny2c@wordpress.org
Parisian-Kiehn,14 Rutledge Alley,cgeaney2d@va.gov
Marks-Quigley,7949 Paget Center,rcasale2e@prweb.com
"Corwin, Hilpert and Schuster",06 Derek Pass,acripin2f@chronoengine.com
Lockman LLC,616 Marquette Crossing,ehampe2g@dailymail.co.uk
Pouros-Howell,09975 Bayside Parkway,nworg2h@spotify.com
"Brekke, Cassin and Hartmann",052 5th Road,mbiggar2i@telegraph.co.uk
"Streich, Wiza and Hand",788 Evergreen Alley,ccowderay2j@nhs.uk
Adams LLC,2 Grayhawk Lane,wbarthropp2k@hugedomains.com
"Vandervort, Buckridge and Hintz",24 Debra Park,fosmar2l@yahoo.com
Hauck-Murazik,060 Dorton Center,vkilty2m@redcross.org
Greenfelder-Yost,6 Macpherson Pass,trammell2n@amazonaws.com
Gaylord-Conroy,026 Chive Lane,heverleigh2o@dion.ne.jp
Dietrich-Welch,98944 Northland Park,kmogra2p@cisco.com
Schulist Inc,4638 Surrey Center,lchave2q@microsoft.com
Mante Group,82 Meadow Valley Pass,kbernardet2r@joomla.org
Jakubowski and Sons,904 Gerald Park,pkitlee2s@google.co.jp
"Emmerich, Lakin and Hand",76195 Haas Court,groden2t@example.com
Schneider-Witting,42 Rutledge Way,dcarek2u@liveinternet.ru
"Hane, Dickinson and Luettgen",22075 Calypso Place,cfelderer2v@va.gov
"Zemlak, Daugherty and Schmidt",695 Bonner Pass,fbattrick2w@fda.gov
"Jakubowski, Balistreri and Mann",17938 Fulton Court,tcaseri2x@amazon.de
"Hilpert, Gerhold and Collier",18 Talisman Place,aludewig2y@vistaprint.com
"Grant, Runolfsson and Krajcik",412 Crowley Plaza,shethron2z@printfriendly.com
Mueller-Adams,2112 Bunker Hill Terrace,sdoerffer30@opensource.org
"Mosciski, Doyle and Fay",8879 Ryan Terrace,uragge31@histats.com
Von-Ferry,251 Moland Parkway,fhydechambers32@illinois.edu
Lind-Bode,0884 Summerview Road,slascell33@admin.ch
Conroy LLC,0 Maple Wood Pass,erockhall34@ftc.gov
Fahey Group,8 Westport Terrace,jcorringham35@admin.ch
"Kessler, Medhurst and Gutmann",17511 Esch Center,hcharker36@spiegel.de
Russel Group,33 Rockefeller Drive,jbrundell37@bizjournals.com
Ryan and Sons,58 Swallow Park,gdandie38@hhs.gov
Wilderman Group,8 Basil Junction,wpahlsson39@reference.com
"MacGyver, Mills and Muller",01 Acker Place,vdamrel3a@tripod.com
"Schultz, Hintz and McKenzie",71 Judy Lane,ghousbie3b@usnews.com
Simonis-Kulas,2296 Dahle Park,fcantrell3c@nbcnews.com
Osinski and Sons,9913 Ruskin Lane,ryorath3d@spiegel.de
Schultz Group,806 Bartelt Lane,isutter3e@xinhuanet.com
Runolfsson-O'Keefe,38 Bartillon Place,rchedgey3f@vk.com
McDermott and Sons,9 Daystar Crossing,mbreston3g@networksolutions.com
Rau-Johnston,637 Elka Parkway,gvandijk3h@hao123.com
"Tillman, Senger and Hyatt",783 Acker Center,abullan3i@mac.com
"Davis, Dach and Greenfelder",65 Westerfield Trail,nfilgate3j@microsoft.com
"Padberg, Olson and Boyer",3 Lillian Alley,cpilcher3k@ucla.edu
"Thompson, Block and Marquardt",24 Spaight Point,ogossington3l@samsung.com
Murray-Davis,8 Cherokee Pass,trenshall3m@blogtalkradio.com
Torp and Sons,26186 Bultman Way,fgammie3n@nih.gov
"Renner, Harber and Howell",1559 Mallory Court,dskade3o@comsenz.com
"McClure, Bartell and Wyman",73 5th Hill,ypuddifer3p@sphinn.com
Upton Group,36296 Waubesa Trail,sshee3q@cbc.ca
Schuppe-Moen,1855 Dixon Street,gloughhead3r@stanford.edu
"Maggio, Schuster and Altenwerth",4268 Continental Street,ksitlinton3s@google.es
Bartoletti-Crooks,64295 Armistice Street,chasnip3t@tinyurl.com
Klocko-Wiza,43037 Carpenter Way,yzorzini3u@cornell.edu
O'Connell Inc,95100 Lien Terrace,todger3v@stanford.edu
Runte LLC,84019 Kinsman Place,lcondon3w@ustream.tv
"Schulist, Murphy and Abbott",56974 Bobwhite Point,dswindle3x@arstechnica.com
Spinka Inc,10701 Morningstar Way,ptulloch3y@google.ca
Sporer-Boyer,76 Straubel Parkway,svasyunin3z@wikipedia.org
Ryan Inc,08797 2nd Point,ejosephi40@aboutads.info
Kerluke LLC,7 Hovde Point,gsoule41@smh.com.au
Lind-Leannon,5972 Hudson Street,mhussey42@cnbc.com
Morissette-Rempel,8480 Amoth Lane,rpearton43@comsenz.com
"Kuvalis, Boyer and Abbott",9568 Anzinger Parkway,gcanti44@sitemeter.com
Schmidt and Sons,676 Corben Drive,lfenimore45@altervista.org
Smith-Kiehn,415 Texas Center,cgeharke46@bloomberg.com
Bailey LLC,53 Mallory Hill,aanersen47@joomla.org
Adams-Spencer,4 Golf View Terrace,hsaltsberg48@i2i.jp
Upton LLC,57454 Fieldstone Way,plorenzin49@washington.edu
Zulauf-Sipes,05221 Randy Plaza,bheaffey4a@addtoany.com
Konopelski-Hayes,1 Bartelt Hill,mfrostdicke4b@seesaa.net
"Purdy, Kovacek and Lockman",03 Sage Parkway,aluter4c@ftc.gov
Jacobi-Lang,6359 Debs Hill,eladen4d@unblog.fr
Wyman-Brekke,62604 Commercial Trail,sgeorgel4e@addthis.com
Roob-Schneider,39 Alpine Court,ehallybone4f@unicef.org
Robel Group,2 Anderson Hill,aprobets4g@va.gov
"Wisoky, West and Ondricka",9396 Pierstorff Pass,sbagehot4h@aboutads.info
Hahn Inc,933 Sunnyside Park,ecohrs4i@businessweek.com
Mitchell-Kihn,177 Boyd Avenue,kgensavage4j@ustream.tv
"Boyer, Rolfson and Johnston",28 Village Drive,lcodrington4k@forbes.com
"Glover, Greenfelder and Gibson",83385 Talisman Court,rmoseby4l@ft.com
Pfannerstill-D'Amore,73 Bunker Hill Junction,bminshall4m@webnode.com
Walter and Sons,32389 Schurz Circle,gmeddick4n@msu.edu
Mills-Kulas,4 Jenna Junction,vmee4o@home.pl
Botsford and Sons,1460 Anthes Junction,vstrognell4p@hao123.com
Zieme Inc,4 Almo Plaza,sseaman4q@constantcontact.com
Wuckert Group,1 Ilene Terrace,rgierok4r@uol.com.br
Pagac-Carter,88 Bowman Junction,emerman4s@shutterfly.com
Romaguera LLC,939 Caliangt Drive,clowdes4t@pcworld.com
Stoltenberg and Sons,52762 Sachtjen Circle,hsproston4u@goodreads.com
Hessel LLC,722 Ryan Avenue,ibamforth4v@indiegogo.com
Hagenes-Lemke,918 Jenifer Lane,cleve4w@sciencedirect.com
O'Conner Inc,27658 Rutledge Junction,gcoxwell4x@mediafire.com
"Paucek, Bartoletti and Buckridge",8004 Susan Road,stigner4y@paginegialle.it
Hickle Group,7 Hovde Alley,jsherar4z@amazonaws.com
"Dicki, Smitham and Jacobs",38 Amoth Way,ggarside50@clickbank.net
Prohaska and Sons,542 Golden Leaf Street,xgabits51@wikimedia.org
Langworth-Mante,99816 Esker Center,wmebius52@msu.edu
Schneider-Stoltenberg,8783 Annamark Crossing,pwalsham53@clickbank.net
Gaylord Inc,54 Scofield Junction,xthandi54@bandcamp.com
"Bode, Prosacco and Green",06201 Donald Parkway,gmaccrie55@nydailynews.com
Rau-Ratke,4871 Corry Point,dhrishchenko56@php.net
Veum-Wiza,3 Rigney Hill,zrack57@hc360.com
"Maggio, Wiza and Grady",06 Holmberg Road,gkubis58@bloglines.com
"Gibson, Hirthe and Kemmer",6683 Lukken Crossing,cmacek59@histats.com
"Purdy, Kessler and Boehm",42 Corscot Park,bkroin5a@wordpress.com
"Nitzsche, Kertzmann and Langosh",2 Erie Drive,bdransfield5b@rakuten.co.jp
"Schumm, Bode and Zulauf",2375 Forest Junction,kpardal5c@addthis.com
Sporer-Swift,13 Service Plaza,hjuggings5d@reddit.com
"Waters, Bashirian and Homenick",9 Brickson Park Pass,svoaden5e@cnet.com
Wehner Inc,389 Raven Drive,lhyder5f@spiegel.de
"Kub, Romaguera and Morissette",9 Monica Point,egusney5g@uol.com.br
"Gerlach, Waters and Okuneva",0 Lakewood Parkway,chyder5h@usnews.com
"Dooley, Bernier and Maggio",1 Ilene Road,rnarey5i@taobao.com
"Wilkinson, Frami and Kertzmann",32 Truax Drive,bgiotto5j@blogger.com
Gulgowski Inc,31 Harper Plaza,kfeely5k@shutterfly.com
"Sporer, Crist and Parisian",19 Myrtle Park,iizzett5l@illinois.edu
Kub-O'Keefe,98165 Becker Plaza,arounds5m@icq.com
"Mertz, Stehr and Morar",99194 Roxbury Lane,rnurse5n@nps.gov
Kassulke and Sons,7003 Monument Crossing,eybarra5o@archive.org
"Robel, Ritchie and Medhurst",41 1st Court,hellesworth5p@prnewswire.com
Ziemann Group,2236 Meadow Valley Terrace,bharg5q@webs.com
Lueilwitz Inc,16475 Hansons Street,ltrevaskus5r@over-blog.com
Abbott-Beier,90059 Michigan Park,dibert5s@soup.io
"Bradtke, McLaughlin and Willms",9528 Russell Lane,tbortolazzi5t@purevolume.com
Brakus and Sons,23 American Ash Terrace,bfaughny5u@dyndns.org
"Schmidt, Mohr and Bednar",420 Menomonie Parkway,cclemendet5v@ftc.gov
Reichert and Sons,56453 Porter Circle,dtrainer5w@ibm.com
Becker-Mitchell,4 Garrison Point,pramsdale5x@spotify.com
"Hessel, Ullrich and Johnston",4 Saint Paul Pass,erobathon5y@dagondesign.com
Dare-Bins,512 Utah Crossing,swasson5z@ucla.edu
Hessel and Sons,7 School Alley,nbrogden60@unblog.fr
Schaefer and Sons,5617 Emmet Trail,mlindbergh61@nature.com
Botsford-Beer,447 Killdeer Way,stabary62@theguardian.com
Stoltenberg Group,1 Montana Avenue,nroff63@skype.com
"Stehr, Steuber and Koepp",7262 Amoth Way,vgunter64@barnesandnoble.com
Shanahan Inc,7 Michigan Road,odavidi65@newyorker.com
Kutch-Schowalter,9612 Ronald Regan Street,efarrand66@cornell.edu
Smith-Bechtelar,6 Eagan Way,rvlasenko67@thetimes.co.uk
Hagenes-Smitham,48656 Spenser Crossing,avinson68@constantcontact.com
Schinner and Sons,90245 Vernon Lane,svitte69@lycos.com
Pouros-Thompson,697 Thompson Park,sberryman6a@zimbio.com
"Collier, Thiel and Heidenreich",6 Roxbury Trail,gloveman6b@ucsd.edu
Rohan-Sauer,26 Vidon Center,cspalding6c@bigcartel.com
"Miller, Hermiston and Bartoletti",6144 Hudson Avenue,afreiberg6d@netscape.com
Marks-Kshlerin,8729 Esker Lane,hrupel6e@i2i.jp
Kiehn-Bradtke,643 Alpine Circle,iscopes6f@craigslist.org
Reinger Inc,5665 Manufacturers Plaza,rdrynan6g@exblog.jp
Beier-Jacobson,59 Transport Trail,ujinkinson6h@paginegialle.it
"Jones, Goldner and Leannon",33 Laurel Point,soldershaw6i@nydailynews.com
Johnson-DuBuque,93207 1st Center,bgalfour6j@google.es
"Spencer, Macejkovic and Lehner",48702 Lakewood Gardens Center,tinglesent6k@comsenz.com
Keebler LLC,73318 Packers Alley,rgoulder6l@de.vu
Ward and Sons,187 Kennedy Park,dmaffulli6m@ask.com
"Lowe, Jones and O'Connell",9334 Ryan Place,mkimber6n@sitemeter.com
Klein Inc,2 Oxford Drive,smicah6o@ox.ac.uk
"Nitzsche, Nolan and Reynolds",2 Bluestem Crossing,jhimsworth6p@gmpg.org
Kunde Inc,7 Union Road,lmilroy6q@webmd.com
"Jones, Doyle and Huels",91 Scott Drive,taberhart6r@w3.org
Wisozk and Sons,605 Norway Maple Pass,kmcmillam6s@dot.gov
"Hoeger, Mohr and Streich",7 Sullivan Crossing,jmulkerrins6t@admin.ch
Blick-Schamberger,0081 Katie Trail,tcarragher6u@ocn.ne.jp
Grant Inc,62 Lyons Pass,bjahnig6v@nhs.uk
"Ortiz, Skiles and Jaskolski",74 Upham Hill,kheinreich6w@mapquest.com
Frami-Bins,36221 Basil Plaza,lvaughn6x@blinklist.com
Wyman-Beer,451 Kedzie Point,scollaton6y@usnews.com
Keeling and Sons,76 Independence Lane,epahler6z@discovery.com
Boyer-Bins,6160 Morningstar Place,aboath70@nps.gov
Becker-Champlin,20493 Macpherson Trail,ndebell71@europa.eu
Kohler-Moen,61021 Maple Hill,kantonoyev72@wsj.com
"Cremin, Mann and Blick",9 Esch Center,wshearn73@msn.com
Windler and Sons,8 East Circle,rdermot74@youtube.com
Bahringer-Dibbert,95 South Circle,tgresch75@hostgator.com
"Ondricka, Batz and Rogahn",92907 Judy Junction,tlourenco76@ox.ac.uk
Fay-Bernhard,786 Cordelia Avenue,koatley77@nationalgeographic.com
Collins LLC,37989 Aberg Road,frobarts78@cornell.edu
Collier LLC,95 Mallard Alley,kwhitehouse79@skyrock.com
"Terry, Spencer and Schinner",4809 8th Way,hadvani7a@wikimedia.org
"Raynor, Reilly and Cruickshank",08615 Schiller Alley,zivshin7b@google.it
Schneider-Waters,3680 Scoville Park,bflanaghan7c@nbcnews.com
"Wilderman, Johns and Volkman",2610 Moulton Place,rtosdevin7d@senate.gov
Douglas LLC,7387 Independence Terrace,kbonas7e@hibu.com
Langworth-McCullough,158 Orin Lane,sgetcliffe7f@skype.com
Beahan and Sons,7 Holmberg Avenue,tscarman7g@bigcartel.com
Price and Sons,330 Iowa Circle,mmccourtie7h@aol.com
Schmeler Group,95049 Myrtle Crossing,tdurbyn7i@devhub.com
"Bode, Prohaska and Swaniawski",15 Atwood Junction,zmasselin7j@umich.edu
"Hessel, Renner and Gerlach",7 Hagan Hill,gstork7k@liveinternet.ru
"Rath, Farrell and Wisoky",31 Gina Road,nspensley7l@uiuc.edu
Hayes Inc,7 Ohio Crossing,cchastey7m@last.fm
"Doyle, Brekke and Kling",8 Lakewood Court,dgunda7n@wordpress.org
Crist and Sons,724 Randy Way,cbonass7o@icio.us
McCullough-Ullrich,32756 Butternut Way,dshears7p@nyu.edu
Runte and Sons,0 School Crossing,cstede7q@clickbank.net
Smith Inc,4326 Loeprich Parkway,fkopecka7r@github.com
"Marquardt, Koelpin and Dooley",67 Little Fleur Trail,jmulcaster7s@ehow.com
Littel-Shanahan,09 Doe Crossing Parkway,jrandleson7t@un.org
O'Keefe LLC,676 Stephen Lane,rmonan7u@bluehost.com
Ferry-Hauck,3 Bobwhite Junction,kacors7v@weather.com
Bayer-Fadel,52555 Delaware Road,mwillets7w@cam.ac.uk
"Kemmer, Hane and Gerlach",613 Coleman Point,blarmour7x@shareasale.com
Moen and Sons,1 Ruskin Trail,strembley7y@aboutads.info
Waelchi and Sons,982 Fallview Trail,gmackibbon7z@geocities.com
Lubowitz-Schulist,7717 Village Green Trail,orackley80@columbia.edu
"Anderson, Dickens and Rohan",9623 Bluestem Plaza,dcattle81@surveymonkey.com
"Hermann, Brekke and Schaefer",9027 Scoville Way,zcovey82@usa.gov
Terry-Abernathy,0364 Blackbird Junction,tmould83@va.gov
Johnson-Braun,9242 Shasta Avenue,jviste84@miibeian.gov.cn
Hudson Group,5 Caliangt Drive,btarn85@nhs.uk
"Leuschke, Abshire and Collier",74 Hintze Lane,shuntress86@ask.com
"Fahey, Rau and Walter",721 Chive Street,dsimoncini87@cbslocal.com
Hoppe-Bechtelar,372 Ramsey Point,dfull88@blogs.com
Schowalter LLC,42620 Warrior Way,avashchenko89@prweb.com
"Kris, Kertzmann and Olson",7 Evergreen Way,ccromleholme8a@walmart.com
"Wintheiser, Jacobson and Padberg",83 Pine View Center,lduchart8b@discovery.com
"Koch, Mayert and Kautzer",13529 Holy Cross Parkway,rscrane8c@wisc.edu
Beier-Bartell,5 Chinook Center,mwooland8d@networksolutions.com
"Dickens, Walsh and Okuneva",424 Morning Trail,bfrediani8e@taobao.com
Aufderhar-Jast,28283 Doe Crossing Point,fbasey8f@weather.com
Bernhard Group,903 Meadow Valley Park,gburles8g@hexun.com
"Johns, Dickens and Hudson",9330 Washington Avenue,mnaerup8h@cyberchimps.com
"Paucek, Harber and Wunsch",623 Tennyson Crossing,abillion8i@independent.co.uk
Hermann Group,39261 Kim Junction,mcisar8j@omniture.com
"Flatley, Littel and Tremblay",17 Amoth Pass,opimm8k@ox.ac.uk
Hackett LLC,61 Old Gate Center,jcasarino8l@nih.gov
"Wintheiser, Little and Dach",41811 Crownhardt Avenue,bdacosta8m@xrea.com
Boyer and Sons,9514 Eliot Street,wpetroulis8n@va.gov
Wiza-Cormier,180 Novick Court,gbygraves8o@odnoklassniki.ru
Medhurst and Sons,5601 Mayer Crossing,fbroader8p@seesaa.net
Littel-Koch,16 Sycamore Circle,cshimoni8q@de.vu
Reilly LLC,9 Sutherland Terrace,kiacomelli8r@delicious.com
"Gaylord, Oberbrunner and Dietrich",832 Fulton Avenue,dfoy8s@cdc.gov
"Swift, Kutch and Ryan",8307 Center Parkway,nthomen8t@imgur.com
"Mueller, Schumm and McClure",770 Northview Avenue,akamena8u@house.gov
Ledner and Sons,51224 Canary Terrace,balejandre8v@dropbox.com
Heaney and Sons,70 Park Meadow Point,dsirkett8w@bizjournals.com
Schmidt Group,1 Bayside Crossing,gslight8x@npr.org
Glover-Lemke,8624 Fair Oaks Park,lschankel8y@behance.net
O'Connell-Pollich,66674 Coolidge Hill,jscarlett8z@google.es
"Luettgen, Huel and Greenfelder",1729 Ridge Oak Circle,porteu90@sakura.ne.jp
"Bosco, Maggio and Hegmann",4 Summerview Lane,mshannahan91@home.pl
Zulauf LLC,921 Waubesa Trail,tlangmuir92@washington.edu
"Beahan, Will and Rolfson",24 Lighthouse Bay Place,kpindell93@netvibes.com
"Reichert, Jacobs and Frami",850 Fisk Way,sverry94@simplemachines.org
Ankunding Inc,91 Florence Court,deagle95@kickstarter.com
Gerhold and Sons,417 Hauk Alley,mshrieve96@cmu.edu
O'Hara LLC,97334 Moland Crossing,bwillcock97@comcast.net
Doyle-Gutkowski,2120 Ohio Place,lhebborn98@stumbleupon.com
Jacobson-Ward,45706 John Wall Junction,lruseworth99@networkadvertising.org
Gislason and Sons,9 Arizona Terrace,amcgroarty9a@cnet.com
Kling-Pagac,28087 Sauthoff Place,bmclarens9b@bizjournals.com
"Fay, Gibson and Larkin",16 Rigney Lane,gmaryska9c@google.com.br
Boehm-Hegmann,9 Homewood Parkway,dkinze9d@flavors.me
Ebert Group,59 Pierstorff Parkway,konians9e@trellian.com
Donnelly Group,3 Mockingbird Point,mlebell9f@tamu.edu
Zboncak Inc,6 Gateway Drive,kburleigh9g@businesswire.com
"Kulas, Bartoletti and Hauck",99328 Basil Court,plant9h@prnewswire.com
Block and Sons,5 Ohio Street,haubery9i@marketwatch.com
Oberbrunner-Beer,19575 Maple Road,mruncieman9j@cisco.com
Abernathy and Sons,63862 Sommers Place,slarmett9k@oaic.gov.au
Waters-Kuphal,85603 David Pass,khoble9l@ask.com
"Cruickshank, Christiansen and Wisoky",2 Hooker Crossing,caynold9m@hibu.com
Hegmann LLC,50 Little Fleur Avenue,psimony9n@europa.eu
"Dooley, Greenfelder and Runolfsdottir",1 Elmside Avenue,amcsorley9o@pagesperso-orange.fr
Stark Group,767 Northridge Junction,rsmithend9p@geocities.jp
"Mayer, Dickens and Schmidt",03 Schmedeman Junction,jyare9q@cnn.com
Williamson Group,36 Mendota Lane,mgiacobini9r@redcross.org
"Sipes, Beahan and Bernier",5 Anniversary Hill,ldudson9s@newsvine.com
Stiedemann-Lemke,18721 Maple Hill,rflori9t@alexa.com
Wintheiser and Sons,4739 Merry Center,ahubbock9u@unesco.org
Botsford-Oberbrunner,7992 West Park,fkinane9v@ask.com
Schumm-Cartwright,10 Mariners Cove Road,ccrevy9w@usa.gov
Kilback Group,87 Village Green Street,sandrichak9x@xing.com
Swaniawski Inc,9427 Mallory Street,dbentame9y@slideshare.net
Flatley-Botsford,0 Westport Way,gweddeburn9z@disqus.com
Weimann LLC,2250 Chive Hill,fgilbertsona0@mozilla.com
"Kunze, Cassin and Hegmann",678 Continental Alley,adecastria1@desdev.cn
"Armstrong, Nienow and McKenzie",34 Chive Circle,idellaa2@taobao.com
Bode Inc,750 Dennis Hill,pbottena3@irs.gov
Howell-MacGyver,3559 7th Pass,cfurmingera4@wordpress.com
"Gerlach, Weber and Collier",93 Kropf Court,csiggeea5@free.fr
"Will, Rau and Donnelly",33 Sunbrook Pass,dtunesia6@desdev.cn
Bergstrom-Herman,6245 Melrose Avenue,sballeinea7@jugem.jp
Beatty-Blanda,2130 Elmside Hill,tmateikoa8@squarespace.com
Block-Gleichner,59785 Derek Court,gharkina9@xing.com
Weber-Roberts,9610 Cordelia Alley,dbagottaa@webmd.com
Runte-Nolan,8 Scofield Hill,hvolanteab@delicious.com
"Williamson, Kohler and Maggio",6517 Northridge Avenue,carmsteadac@ibm.com
"Gerhold, Witting and Conn",8 Redwing Court,vsallead@comsenz.com
"Fritsch, Stokes and Steuber",058 Scott Crossing,ylemeryae@noaa.gov
Collier and Sons,5364 Dawn Park,bsteblesaf@edublogs.org
Goldner LLC,42860 Scott Drive,flalorag@t-online.de
Hilll and Sons,1526 West Drive,mwasbroughah@mysql.com
Steuber LLC,7283 Hovde Circle,cmarcuai@goo.gl
Schmeler-Hermann,97 Mallory Lane,gmcveighaj@mac.com
"Johns, Runolfsdottir and Treutel",5157 Eliot Court,certelak@ft.com
Sipes LLC,469 Cambridge Court,sdietscheal@over-blog.com
Kiehn-Leannon,7 Mayfield Hill,fpirotam@google.es
"Maggio, Thompson and Towne",13 Petterle Drive,hcapponeeran@huffingtonpost.com
Hansen-West,07417 North Point,vabrahmsonao@dmoz.org
"O'Connell, Ritchie and Daugherty",0 La Follette Hill,hbillingsap@technorati.com
Koch Inc,0849 Comanche Crossing,tlappingaq@bbc.co.uk
"Ratke, Gerhold and Schowalter",38 Blackbird Alley,tbalderyar@shareasale.com
Blanda-Gerlach,64 Waxwing Trail,clebosseas@is.gd
Gleichner Inc,9157 Forest Run Hill,osunnexat@furl.net
Hammes-Balistreri,11177 Forest Dale Center,kdellaau@icq.com
"Emard, Parker and Wyman",54 Mcguire Park,kshieldonav@woothemes.com
Kohler Group,1364 Jana Avenue,eheggeaw@photobucket.com
Halvorson-Huels,5644 Northview Avenue,caskamax@gravatar.com
Oberbrunner and Sons,810 Meadow Valley Terrace,srouffay@pen.io
Keeling-Hills,1443 Bowman Point,vcawstonaz@wikimedia.org
Gorczany Inc,61 Namekagon Lane,dblindtb0@google.fr
"O'Connell, Ruecker and Auer",5 Merchant Center,faguilarb1@discovery.com
Morar-Boyer,18085 Chinook Court,iwithamb2@nydailynews.com
"Luettgen, Greenholt and Erdman",45473 Haas Junction,wmclanaghanb3@desdev.cn
Conroy-Kessler,0112 Mcguire Way,aaguirrezabalab4@theglobeandmail.com
Purdy LLC,284 Hansons Point,lbaruchb5@alexa.com
"McGlynn, Leuschke and Baumbach",2423 Katie Street,nsamplesb6@mozilla.org
Ortiz-Schowalter,2 Hollow Ridge Hill,dcoryb7@pinterest.com
Gulgowski Inc,00431 Tony Way,rsmuthb8@nature.com
Ebert LLC,6133 Prentice Terrace,aeastmentb9@vimeo.com
"Wiegand, Kreiger and Kertzmann",4198 Sachs Hill,tstuartba@discovery.com
Cummings Inc,3949 Ridgeview Plaza,evasilmanovbb@wikispaces.com
Bogisich Inc,67898 Heath Lane,lkailbc@unc.edu
Lockman Inc,25 Sunbrook Court,shogbournebd@ifeng.com
Monahan-Tillman,97 Helena Crossing,hsunnerbe@narod.ru
"Wintheiser, Sporer and Marquardt",0 Green Terrace,nmansuerbf@dion.ne.jp
Abshire LLC,52 Harbort Point,ecraigmylebg@stanford.edu
Flatley-Sanford,6 Esch Street,rbatesonbh@imdb.com
"Ledner, Farrell and Hand",79 Amoth Junction,oleeburnebi@accuweather.com
Aufderhar and Sons,7715 Sage Lane,fdavetbj@vinaora.com
Effertz and Sons,28 Sachs Parkway,ydemainebk@oracle.com
"Hermann, McCullough and Lind",0 Karstens Lane,czamorabl@blogtalkradio.com
Borer-Schamberger,5666 Menomonie Road,jugolottibm@is.gd
"Shields, Baumbach and Hayes",6 Loftsgordon Park,bgottelierbn@feedburner.com
Hirthe-Zemlak,9686 Thierer Pass,cfinlaysonbo@marketwatch.com
Dickinson-Schaden,439 Birchwood Crossing,dcorsorbp@pcworld.com
Goldner Group,78092 Buhler Alley,tdupoybq@auda.org.au
Torp and Sons,451 Porter Circle,cottambr@google.ru
Koss Group,828 Merchant Junction,afolomkinbs@uol.com.br
Bins-Rice,4 Buhler Court,ndrinanbt@wikispaces.com
"Price, Dare and Stamm",785 Warbler Crossing,sindgebu@constantcontact.com
"Mann, Marquardt and Lakin",8520 Goodland Junction,lwestcottbv@symantec.com
"Powlowski, Christiansen and Thompson",78731 Vahlen Circle,fkeigherbw@gnu.org
"Renner, Bernier and Gutmann",66 Everett Alley,mbollinsbx@goo.gl
Blanda Group,9 Arizona Drive,djuggingby@issuu.com
Schmeler-Breitenberg,1 Mariners Cove Park,wllywarchbz@stumbleupon.com
"Runolfsdottir, Johnson and Johns",9588 Boyd Avenue,mstiffkinsc0@sohu.com
Cormier-Schumm,680 Oakridge Crossing,ahannabussc1@51.la
"Nienow, Abernathy and Trantow",46 Blue Bill Park Street,zwingrovec2@newyorker.com
"Okuneva, Morar and Stiedemann",1 Hansons Pass,arabierc3@wisc.edu
Abbott Inc,32227 Dovetail Lane,drubartellic4@squarespace.com
"Kertzmann, Hamill and McClure",5 Di Loreto Avenue,mcopnallc5@discovery.com
Smith-Prohaska,1674 Clyde Gallagher Circle,bmouldingc6@xing.com
Kulas LLC,8 Village Alley,bdumbreckc7@nymag.com
Rosenbaum-Howe,2116 Anthes Street,pbourthouloumec8@deviantart.com
Rice-Cruickshank,049 Mockingbird Trail,rroosc9@linkedin.com
Homenick LLC,08 Valley Edge Junction,hbellochtca@google.co.uk
Witting-Armstrong,98 Hovde Street,mbrittocb@sourceforge.net
Hamill-Dicki,5 Forest Run Place,cwhildcc@photobucket.com
"Boyer, Lang and Lemke",945 Sachtjen Road,pmacveycd@latimes.com
"Emmerich, Hettinger and Dare",5 Lighthouse Bay Place,bcolquetece@imgur.com
Larkin-Brown,76 Lindbergh Pass,sdupoycf@prlog.org
Rutherford LLC,8745 Burrows Street,jheuglecg@epa.gov
Bayer Inc,071 Delladonna Circle,dboynch@cloudflare.com
"Kris, Marvin and Jacobi",5 Helena Junction,jmcpeiceci@amazonaws.com
Toy Inc,03775 Old Shore Trail,nmackellercj@naver.com
Runolfsdottir and Sons,76619 Mendota Pass,kwinchurchck@github.io
"Conroy, McGlynn and Shanahan",09532 Lake View Terrace,ctennockcl@ft.com
Wunsch Inc,1 Hagan Crossing,hsumptercm@friendfeed.com
"Spencer, Kilback and Ebert",2030 Sunbrook Plaza,mpirduecn@odnoklassniki.ru
Pfeffer-McDermott,835 Valley Edge Trail,ohigbinco@ask.com
"Hane, Bailey and Hahn",48538 Iowa Court,amatthensencp@cpanel.net
Swift LLC,98917 Anzinger Terrace,toulettcq@prlog.org
Kuvalis and Sons,127 Texas Street,osivescr@hostgator.com
Thompson-Dach,047 Elmside Hill,wdecastrics@irs.gov
Feeney-Treutel,9020 Pawling Avenue,pfontellesct@berkeley.edu
"Strosin, Wehner and Haley",680 Grim Terrace,kosancu@pinterest.com
"Koss, Langosh and Larkin",8479 Cordelia Crossing,mstiegercv@indiegogo.com
"Grimes, Marquardt and Towne",39 Ohio Park,kkeeltaghcw@shop-pro.jp
Mohr-Schulist,742 Melody Lane,ngodlontoncx@com.com
Nitzsche Group,18 Birchwood Avenue,kdowniecy@intel.com
"Stamm, Metz and Wisozk",214 Ramsey Way,gnuttingcz@pagesperso-orange.fr
Champlin-Labadie,62 Kedzie Center,fgriswoodd0@engadget.com
Reynolds-Denesik,279 Pearson Road,mcollingwoodd1@pinterest.com
Powlowski Inc,72 Helena Court,cburgand2@mac.com
Quigley-Hamill,755 Birchwood Trail,cnoblesd3@feedburner.com
"Emmerich, Pfeffer and Reilly",517 Bayside Center,gorchartd4@joomla.org
Volkman Inc,10303 Kropf Center,dzecchinid5@biblegateway.com
"Davis, Watsica and Bosco",610 Monterey Road,gspringated6@usatoday.com
Cormier-Rippin,8 Clemons Crossing,piczokvitzd7@typepad.com
Schowalter Inc,6 Manley Parkway,jsherrardd8@newyorker.com
Ritchie and Sons,3100 Gulseth Street,dlancleyd9@reverbnation.com
"Kovacek, Zboncak and Bogisich",729 Derek Center,amontgomeryda@china.com.cn
Rempel Group,0 Merrick Trail,dwalkinshawdb@ning.com
Dare-Auer,9502 Jackson Road,dsherrarddc@narod.ru
"Ratke, Bechtelar and Crist",13 Pine View Parkway,aantonomolidd@webmd.com
Mann and Sons,61 Dixon Point,jriseamde@xrea.com
Brakus-Gutkowski,76 Transport Parkway,cgoutdf@shinystat.com
"Doyle, Heidenreich and Dickinson",9100 Holmberg Park,tseylerdg@technorati.com
"Gleason, Nienow and Goodwin",3347 Weeping Birch Avenue,fhorbartdh@ox.ac.uk
"Nader, Kautzer and Purdy",9 Lerdahl Junction,dcortindi@opera.com
Luettgen LLC,1 Esch Parkway,othomdj@harvard.edu
Schroeder LLC,9 Randy Street,vwelbourndk@zimbio.com
"Toy, Schowalter and Mitchell",30 Stang Street,ocodmandl@answers.com
Mueller-Grady,9053 Macpherson Court,zperronidm@ca.gov
Braun Group,6722 Messerschmidt Center,rmartinovicdn@nsw.gov.au
"Fritsch, Zieme and Strosin",50 Novick Park,tcutcliffedo@paypal.com
"Stanton, Hoppe and Streich",03 Badeau Park,ddourindp@youku.com
Cassin and Sons,844 Di Loreto Crossing,aburdusdq@lycos.com
Carter-Schneider,9 Rieder Hill,frawetdr@imgur.com
Hilll Inc,19065 Toban Trail,slampaertds@cyberchimps.com
Beier-Roob,69276 Butternut Way,bcleariedt@yahoo.co.jp
Schiller-Mayer,63 Utah Junction,cshucksmithdu@mtv.com
Casper-Auer,51020 Donald Lane,lbartkowiakdv@house.gov
Jenkins-Reinger,2 Longview Terrace,anorthcliffedw@nydailynews.com
Gibson LLC,330 Killdeer Circle,amcbaynedx@scientificamerican.com
"Mante, Steuber and Welch",61 Debra Pass,fupchurchdy@quantcast.com
Fahey-Schneider,0 Talmadge Circle,mzanetellodz@mail.ru
Rice-Wilkinson,130 Packers Lane,vdeniskeviche0@pinterest.com
Hahn-Schuppe,43 Fieldstone Point,ycussene1@topsy.com
"Beier, Donnelly and Koch",45042 Marcy Street,wstevingse2@sitemeter.com
"Von, Rosenbaum and Robel",2 Lake View Park,jkryskae3@merriam-webster.com
Koch-Cummings,4075 Goodland Point,cloughlane4@opera.com
Leffler-Effertz,648 Becker Parkway,cperigeauxe5@twitter.com
Christiansen-Gerlach,856 Burning Wood Plaza,pcoventone6@w3.org
Rau Group,0 Green Ridge Street,tbernardeschie7@spotify.com
Daniel Group,36383 Cordelia Terrace,rpantlinge8@theglobeandmail.com
Murazik-Oberbrunner,501 Rockefeller Plaza,fmanifoulde9@odnoklassniki.ru
Romaguera-Stroman,7449 Lindbergh Parkway,btraskea@stanford.edu
"Gorczany, Quigley and Witting",50225 Holmberg Parkway,kgisbyeeb@com.com
"Dietrich, Borer and Kuvalis",15567 Delaware Crossing,bstorrierec@delicious.com
"Orn, Smith and Cassin",254 Carberry Circle,mchansonneed@toplist.cz
"Will, Conn and Koss",4878 Dorton Pass,kkayesee@ibm.com
"Kovacek, Nader and Bednar",14 Hazelcrest Drive,cbissillef@google.it
Murphy Inc,9 Monument Parkway,tcallaneg@elegantthemes.com
Pollich LLC,83234 Mayer Trail,nelintuneeh@sakura.ne.jp
Crona and Sons,79319 Sunbrook Road,rpateei@huffingtonpost.com
Metz and Sons,73178 Novick Plaza,dbuyersej@taobao.com
Walter-Klein,2503 Birchwood Pass,mhuorticek@1und1.de
Schmidt and Sons,12148 Ilene Parkway,ktiffinel@indiegogo.com
Feest LLC,3 Clove Street,rfettersem@bravesites.com
Reichert-Huels,0938 Sachtjen Point,tnormanvillen@google.it
Pfannerstill-Abshire,688 Miller Avenue,lmacclureeo@zimbio.com
MacGyver-Brown,29491 Londonderry Parkway,jegeep@slate.com
Morissette-McClure,91 Mesta Court,avanbruggeneq@chronoengine.com
"Leannon, Reichert and Glover",75956 Oneill Alley,amazellaer@answers.com
Mohr Group,2 Beilfuss Crossing,scoenes@toplist.cz
"Cremin, Muller and Walker",2319 Ridgeway Court,tlillicrapet@abc.net.au
Franecki Inc,953 Anniversary Junction,kmalenoireu@house.gov
Ratke-McGlynn,5821 Vermont Lane,ddybleev@cam.ac.uk
Boyle Group,9259 Kensington Court,wbonasew@discovery.com
McKenzie Group,2 Rusk Drive,eancliffex@infoseek.co.jp
"Jones, Bashirian and MacGyver",24696 Mccormick Drive,kwickardtey@nymag.com
Rogahn LLC,15792 Lien Way,arickerseyez@etsy.com
"Sauer, Marquardt and Boyer",1088 Maple Street,ykensingtonf0@livejournal.com
"Beier, Block and Nikolaus",767 Southridge Crossing,kgaukrogerf1@simplemachines.org
Schmidt-Hodkiewicz,88 Garrison Circle,sdorbonf2@so-net.ne.jp
"Schulist, Stehr and Schulist",514 Scoville Way,ocrichleyf3@last.fm
"Skiles, Botsford and Brekke",77 Alpine Road,scordeauf4@gov.uk
"Hahn, Russel and Bechtelar",784 Sheridan Center,ccoleyshawf5@ft.com
Swaniawski LLC,6 Merrick Road,mkimberf6@senate.gov
Klocko Group,45 Waywood Trail,epepisf7@cyberchimps.com
Gerlach-O'Keefe,8728 Acker Terrace,mericssenf8@fc2.com
Predovic LLC,4453 Declaration Circle,amacterrellyf9@spiegel.de
Corwin-Tromp,275 Hudson Trail,xhuttenfa@facebook.com
Douglas-Wintheiser,6501 Merrick Street,htincknellfb@wordpress.org
Hodkiewicz Group,15597 Ridgeway Point,hmacmurrayfc@plala.or.jp
"Fritsch, Ondricka and Gerhold",23297 Manufacturers Park,keouzanfd@51.la
"Bernier, Kemmer and Kiehn",08680 Londonderry Court,hessamfe@google.de
Boyle LLC,4 Garrison Drive,hlimbourneff@craigslist.org
Reinger-Pfeffer,0773 Utah Crossing,iwrigleyfg@hibu.com
Murphy Inc,86439 Fulton Trail,nbockfh@addtoany.com
"Johnson, Brown and Dibbert",913 Rutledge Terrace,akittlefi@i2i.jp
Feest-Schuster,0 Debra Street,gwanderschekfj@epa.gov
Walsh and Sons,0 Hagan Alley,cbraikenridgefk@mlb.com
Ebert Inc,101 Dixon Trail,cdefrancescofl@ftc.gov
Osinski-Schuster,30 Heffernan Court,adoddemeedefm@cdc.gov
Abernathy LLC,9 Wayridge Crossing,aslixbyfn@bizjournals.com
"Bernhard, Mraz and Rowe",09606 Anderson Road,lsladfo@stanford.edu
Rowe-McLaughlin,91 Bunker Hill Circle,bmeatcherfp@vistaprint.com
Upton-Hackett,8557 Bobwhite Road,aboatmanfq@msu.edu
Schoen Group,2 Dryden Avenue,broughfr@trellian.com
Johnson-Weissnat,69873 Tomscot Parkway,cwooffindenfs@elegantthemes.com
"Pfeffer, Welch and Barrows",67105 Jackson Center,whaylandsft@163.com
"Johns, Parisian and McGlynn",15 Twin Pines Place,atothfu@pagesperso-orange.fr
Dickinson-Christiansen,7 Tennyson Road,lbonneyfv@amazon.de
Stark Inc,88894 Dorton Street,dortigerfw@amazon.com
Volkman-Hammes,0 Sage Crossing,orojahnfx@about.com
"Lemke, Steuber and Wuckert",4186 Harbort Crossing,femmanuelify@godaddy.com
Gerhold Group,0 High Crossing Park,cmasofz@apple.com
O'Connell-Pacocha,44851 6th Place,jtomovicg0@w3.org
Schneider-Kessler,66121 Merchant Trail,wdivallg1@ustream.tv
Kihn-Schulist,89606 South Court,dlempennyg2@nhs.uk
"Dibbert, Koss and Hammes",08973 Ludington Parkway,vrandg3@google.com.br
"Hahn, Balistreri and Hackett",31 Weeping Birch Way,btysackg4@sitemeter.com
Kulas-Nitzsche,24522 Hoffman Place,slucieng5@dailymail.co.uk
Botsford-McKenzie,18902 Stuart Lane,mcraikg6@cornell.edu
Kuhic-Mraz,33477 Starling Junction,ctoxellg7@usgs.gov
Hartmann-Koelpin,4230 Schlimgen Hill,gcolchettg8@yellowpages.com
McKenzie and Sons,10 Russell Drive,hfiddimang9@yolasite.com
Kessler Group,9 Burning Wood Place,dlorenziniga@php.net
Boehm-Auer,73 Harper Alley,adugoodgb@wix.com
"Hintz, Homenick and Hirthe",13525 Green Avenue,rminshawgc@stumbleupon.com
"Dickens, Gusikowski and Jones",0588 Waubesa Terrace,hwilesgd@army.mil
Witting Group,81835 Clove Place,fakkerge@blog.com
Pfannerstill LLC,64882 Crescent Oaks Hill,chaackgf@blogger.com
Glover Inc,87867 Mccormick Plaza,idunphygg@1und1.de
Hettinger-Watsica,2 Muir Trail,nlawteygh@miitbeian.gov.cn
Gorczany-Bednar,5 Eastlawn Point,vdeeveygi@booking.com
Hoppe-Koepp,63119 Sachs Plaza,wlockleygj@sciencedirect.com
"Rolfson, Rogahn and Yost",3 Dawn Trail,parthygk@chronoengine.com
Parker-Johnston,0106 Kings Avenue,udreakingl@craigslist.org
Grady Inc,602 Independence Plaza,dgillimghamgm@hud.gov
Hahn and Sons,88180 Alpine Center,kgainsburygn@harvard.edu
"Rice, Murphy and Hills",32373 Pierstorff Way,dyuillgo@youtube.com
"Barton, Koelpin and Bosco",34348 Mayfield Park,mvaughamgp@abc.net.au
Bode-Bosco,34253 Florence Drive,eklaggemangq@merriam-webster.com
Russel-Krajcik,1 Sunbrook Plaza,bmeharggr@eepurl.com
Lockman Group,2486 Melody Plaza,wdonettgs@chicagotribune.com
Cartwright-Hackett,878 Weeping Birch Pass,sbalfgt@nps.gov
"Lakin, Heathcote and Stanton",7 Randy Crossing,crouthamgu@moonfruit.com
Stoltenberg LLC,17 Lunder Plaza,cdienesgv@ycombinator.com
"Considine, Reichel and Schaden",7122 Loomis Court,pgollingw@dedecms.com
"Bashirian, Tromp and Cole",8590 Village Terrace,acordaygx@xinhuanet.com
Kautzer and Sons,73 Milwaukee Alley,ahuggensgy@pen.io
Ledner-Bradtke,1 Fordem Terrace,mkleinhandlergz@blog.com
Zulauf and Sons,620 Golf Circle,hpeachh0@nasa.gov
Dibbert-Runolfsson,86511 Chive Point,bmacgaughieh1@foxnews.com
Harris Inc,924 Hoffman Trail,sgeneseh2@whitehouse.gov
Borer-Glover,6944 Upham Plaza,jpalfreyh3@xrea.com
Gleichner-Gleason,8 Londonderry Park,nsherrinh4@foxnews.com
"Huels, Satterfield and King",0398 Algoma Park,ogorryh5@wunderground.com
Gleichner-Greenfelder,7 Arrowood Point,tcuradoh6@stumbleupon.com
Goyette and Sons,144 Badeau Point,uswangerh7@berkeley.edu
"Wuckert, Terry and Cruickshank",343 Hayes Alley,wcordleh8@fastcompany.com
"Wilderman, Beahan and Barton",02510 Pearson Court,bthoraldh9@hao123.com
Kling and Sons,6 Mallard Lane,mbiskupskiha@icq.com
Goldner and Sons,3304 Ridgeway Road,pfoottithb@usatoday.com
"Koch, Sawayn and Pollich",96 Manufacturers Point,eannesliehc@va.gov
Pouros-Batz,8 Towne Crossing,wantoniathd@uol.com.br
Cruickshank-Boyer,8 Sachtjen Pass,lhilaryhe@addtoany.com
Greenholt-Kertzmann,08048 Paget Street,cmolletthf@squidoo.com
Medhurst Group,82730 Burrows Point,hheddehg@hp.com
Kirlin-Orn,4528 Bayside Center,dhuardhh@hexun.com
Murphy-Fay,3 Arizona Center,tscrutonhi@fda.gov
"Rempel, Schmeler and Ernser",5751 Crownhardt Crossing,tquinceehj@timesonline.co.uk
Keebler Group,8703 Lakewood Gardens Crossing,icantihk@cdbaby.com
Kuhn-Keeling,4885 1st Road,ddathl@cbc.ca
Steuber and Sons,4275 La Follette Lane,bduthiehm@biblegateway.com
Littel-Hyatt,845 Gulseth Point,fbengtsenhn@usa.gov
Miller Group,696 Caliangt Avenue,emintoffho@redcross.org
Weissnat-Hermann,13 Burrows Hill,estukehp@newyorker.com
Lakin-Heller,4 Mallory Lane,oborgnethq@newyorker.com
"Sipes, Lehner and Leffler",53 Bayside Crossing,tchurchhr@kickstarter.com
Volkman LLC,91116 Hanson Park,fknudsenhs@newsvine.com
"Gleichner, Schmidt and Mante",3642 Homewood Drive,jdominichettiht@patch.com
"Kemmer, Renner and Doyle",8483 Warrior Alley,aallardhu@unicef.org
Medhurst-Farrell,5439 Reindahl Way,lburburyhv@tinyurl.com
Rempel-Bartell,87378 Heath Hill,tslipperhw@github.com
Pfeffer LLC,33 Old Gate Junction,rrollohx@istockphoto.com
"Reinger, Brown and Macejkovic",12 Continental Lane,lborehamhy@examiner.com
"Stoltenberg, Von and Swaniawski",66716 Alpine Circle,clacottehz@wisc.edu
Lind-Denesik,0581 Fulton Way,caldwicki0@whitehouse.gov
Frami-Wolf,59972 Muir Court,fcolliardi1@europa.eu
"Hoeger, Bednar and Brown",6896 Sunbrook Crossing,nkillei2@deviantart.com
Jast Group,168 Stuart Terrace,nmithami3@github.com
Brakus-Legros,95 Farragut Alley,hbrightmani4@wordpress.com
Pfeffer Group,91739 Anniversary Center,tellami5@nih.gov
Rogahn-O'Connell,57 Londonderry Center,jfomichyovi6@gravatar.com
"Spencer, Leannon and Funk",5 Alpine Avenue,mguei7@hubpages.com
"Ratke, Dibbert and Bednar",2 Ilene Crossing,btomasonii8@theglobeandmail.com
"Schuppe, Russel and Gibson",19 Twin Pines Circle,cwhiffeni9@time.com
Hayes Group,21620 Menomonie Parkway,rcazinia@ebay.com
Kozey-Littel,53 Aberg Alley,rsimonciniib@ask.com
"Reichel, Parker and Dickens",16612 Erie Trail,ndavidoffic@constantcontact.com
Larson LLC,11 Loeprich Plaza,ychueid@altervista.org
Deckow-Greenfelder,3770 Springview Park,ktennantie@kickstarter.com
Borer and Sons,0 Anderson Road,ebloseif@si.edu
"Abernathy, Kovacek and Heidenreich",842 Rieder Crossing,nswainsig@salon.com
Kassulke-Stoltenberg,2 Susan Lane,adyshartih@japanpost.jp
Mosciski LLC,4411 Butterfield Park,clepiscopioii@addtoany.com
Rogahn-Oberbrunner,01541 Rutledge Court,preasonij@cornell.edu
Blick and Sons,4649 Clarendon Point,rlongeaik@purevolume.com
"Goyette, Harvey and Wunsch",4225 Old Shore Crossing,nmasserelil@wikipedia.org
"Sanford, Howell and Legros",50 Eliot Place,mogavinim@ning.com
"Beatty, Herman and Erdman",969 Del Sol Drive,kthickingin@gravatar.com
Harris Group,80613 Westend Parkway,lmurricanesio@tripod.com
Nicolas-Hudson,42 6th Park,ifiveaship@usnews.com
Wuckert Group,824 Brickson Park Place,rmacouniq@miitbeian.gov.cn
Daugherty LLC,9684 Basil Court,kringwoodir@skype.com
Marks-Zulauf,742 Sunfield Pass,gledgewayis@upenn.edu
"Jaskolski, Bartoletti and Marvin",5167 Spaight Terrace,hpattenit@abc.net.au
Legros and Sons,3 Knutson Court,ddeferrarisiu@admin.ch
Ankunding LLC,167 Forest Dale Place,rramsbothamiv@constantcontact.com
"Goodwin, Anderson and Jerde",90340 Summerview Avenue,mgathereriw@senate.gov
Anderson-Nolan,1 Emmet Alley,epictonix@scribd.com
Bahringer-Gerhold,55 Morningstar Pass,staylotiy@loc.gov
"Toy, Maggio and Conn",7534 Dunning Pass,cbarnfieldiz@google.ca
Mraz-Kuvalis,62991 Hanover Lane,aconybearj0@adobe.com
Lesch and Sons,84440 Goodland Center,wlearyj1@si.edu
"Kuvalis, Murphy and Schaden",23444 Pepper Wood Point,cburniej2@purevolume.com
"Parisian, Graham and Waelchi",620 Kings Drive,ahodginsj3@microsoft.com
Romaguera Group,00774 Novick Road,lesmeadj4@timesonline.co.uk
Berge-Bogisich,81 Lotheville Center,wmcrannellj5@rakuten.co.jp
VonRueden LLC,85061 Reindahl Drive,hlazarj6@washington.edu
"Thompson, Muller and Collins",4018 Katie Plaza,kpickerinj7@uol.com.br
Stroman and Sons,82177 Cottonwood Junction,mmallalieuj8@github.com
Schulist-Schiller,16 Gina Trail,afitzroyj9@cbslocal.com
Leuschke-Wisoky,37255 Hauk Alley,astreetleyja@shop-pro.jp
Ward and Sons,35842 Fordem Road,nshaughnessyjb@google.pl
"Thiel, Daniel and Hermann",3 Lien Way,dmartschikjc@ted.com
Medhurst-Sporer,07336 Scott Alley,kmaccostojd@ifeng.com
Keebler Group,22 Milwaukee Drive,ggilphillanje@domainmarket.com
"Farrell, Prohaska and Mosciski",35103 Glacier Hill Court,maucuttjf@mit.edu
Gislason LLC,264 Pierstorff Circle,bealdenjg@about.com
Buckridge Inc,200 Ridgeway Terrace,jcossonjh@plala.or.jp
Swift-Smith,3 Eastlawn Way,dweskerji@mozilla.org
Gerlach-Stanton,848 Miller Court,sverdunjj@biblegateway.com
Spencer and Sons,884 Waywood Terrace,mdoogoodjk@t-online.de
Brakus and Sons,203 Mcguire Lane,lbroxapjl@dyndns.org
"Grant, Hintz and Mann",4 Tennyson Junction,mmosedilljm@hibu.com
"Quigley, Jakubowski and Koelpin",690 Ohio Crossing,sviolletjn@ezinearticles.com
Kunde LLC,2751 Mayfield Junction,mmoffjo@webnode.com
Lemke-Sipes,11060 Blackbird Circle,hfairliejp@state.tx.us
"Grant, Leffler and Zieme",27843 Huxley Place,mbyjq@dropbox.com
"Koelpin, Schamberger and Herman",4503 Ohio Park,khinschjr@accuweather.com
"Monahan, Hagenes and Grimes",458 Daystar Court,sfandreyjs@w3.org
Bergstrom-Bergnaum,390 Loomis Lane,mreddishjt@sphinn.com
"Marvin, Dare and Gerlach",4703 Arrowood Center,mburgwinju@bizjournals.com
Runolfsson-Robel,7054 Dwight Crossing,bschubuserjv@ucoz.ru
"Feil, Gleichner and King",400 Kinsman Plaza,abreederjw@amazon.co.uk
Paucek and Sons,41472 Oak Center,rjoninjx@youtu.be
Stokes Group,397 Mayfield Crossing,adencsjy@rediff.com
Douglas Inc,9152 Sunfield Alley,sungererjz@mit.edu
"Kris, Steuber and Hane",04 Menomonie Circle,rmarslandk0@icio.us
Kuphal LLC,4 Manley Center,vriccok1@deviantart.com
Howell-Brakus,76389 Mayfield Junction,kleak2@dot.gov
Lowe-Hane,3243 Calypso Avenue,jrecherk3@nih.gov
Hoppe LLC,9186 Crescent Oaks Plaza,kodyk4@columbia.edu
Rolfson and Sons,032 Northport Road,cmclleesek5@rakuten.co.jp
"Wilkinson, Becker and Johnston",6276 Westport Street,mpeckk6@ed.gov
Mosciski-Monahan,8788 Green Ridge Court,nstillmank7@un.org
Hudson-Rodriguez,5044 Jana Parkway,rpetersk8@wsj.com
"Hagenes, Glover and Gorczany",6619 Northport Way,eperciferk9@accuweather.com
"Yundt, Beer and Casper",4 Scoville Hill,gabbiska@about.com
Wilderman-Romaguera,02828 Commercial Circle,gstearkb@noaa.gov
Prohaska and Sons,54007 Stoughton Terrace,frichardskc@nyu.edu
Hirthe LLC,7750 Dayton Hill,ybrettlekd@shop-pro.jp
"Kemmer, Corwin and Wintheiser",7684 American Drive,rtrunchionke@mlb.com
"Reynolds, Bruen and Dach",55544 Huxley Center,lchiezekf@eventbrite.com
Jacobson-Christiansen,19 Shoshone Trail,sandrysekkg@state.tx.us
Boyer-Swaniawski,775 Arrowood Point,lbaynamkh@163.com
"Murray, Jacobs and Barrows",51 Manitowish Pass,msawbridgeki@jigsy.com
"Zulauf, Keeling and Stracke",56662 Gateway Alley,jbellhamkj@ning.com
Lakin Inc,0 Trailsway Plaza,zbracekk@4shared.com
"Von, Doyle and Trantow",6334 Derek Center,dmacilhaggakl@economist.com
Rogahn LLC,6 Sutherland Way,alanchberykm@webmd.com
"Greenholt, Koepp and Larson",0 Paget Circle,tquaifekn@deliciousdays.com
Kling-MacGyver,7521 Esker Parkway,nbrewittko@skype.com
"Roob, Vandervort and Stamm",757 Vahlen Alley,ccorradettikp@hatena.ne.jp
"Ratke, Olson and Terry",8680 Sheridan Pass,jpretokq@sourceforge.net
Kunze LLC,0524 Hoffman Park,bemlinkr@webs.com
"Hauck, Feeney and Mante",2 Badeau Lane,atorriks@boston.com
"Keeling, Schamberger and Krajcik",2 Caliangt Way,hgrollmannkt@cmu.edu
Schultz-Wilderman,3 Oxford Circle,rgorioliku@npr.org
Price-Kris,1743 Maywood Trail,ibettekv@cdbaby.com
"Blanda, Schultz and Upton",624 Summer Ridge Court,aemberykw@moonfruit.com
"Greenholt, Harvey and Bashirian",44870 Springview Way,jsexstonekx@lycos.com
Borer LLC,35795 Randy Center,gticeky@businesswire.com
Graham Inc,6 Warrior Circle,bblaxleykz@friendfeed.com
Corwin-Kovacek,8380 Vernon Way,ebernardol0@purevolume.com
Wehner Group,92609 Sutherland Trail,bbrokenshawl1@bluehost.com
"Batz, Reinger and Jaskolski",5 Spenser Way,smalekl2@wisc.edu
"Okuneva, Donnelly and Heaney",77644 Crescent Oaks Drive,bhowfordl3@noaa.gov
Mayer LLC,393 Victoria Trail,bsyriel4@google.nl
Hodkiewicz-Metz,15621 John Wall Crossing,nbernatl5@comsenz.com
"Abbott, Kreiger and Monahan",1786 Susan Hill,wgodboltl6@wikipedia.org
Adams Group,8651 Moulton Plaza,msteell7@e-recht24.de
Jast LLC,8 Goodland Parkway,kwalcarl8@cafepress.com
Gottlieb Group,10022 Jay Crossing,dkanzlerl9@com.com
"Bartoletti, Jacobi and Walsh",8 Haas Pass,jminkinla@edublogs.org
Friesen Inc,554 Petterle Circle,xmacleodlb@go.com
Ruecker Inc,14285 Blaine Place,cgourlielc@loc.gov
Keeling and Sons,6701 South Circle,gbulliventld@google.it
Jacobson-McClure,18189 Sheridan Alley,atyasle@de.vu
Armstrong-Wiza,2898 Rieder Hill,adecourtlf@xing.com
Kulas-Jenkins,24292 Linden Road,pvalentinuzzilg@craigslist.org
Mueller-Rodriguez,3 Dovetail Parkway,dmcconvillelh@telegraph.co.uk
Gusikowski and Sons,289 Pierstorff Plaza,zguiotli@amazon.co.uk
"Bayer, Pollich and Schimmel",8089 Village Green Alley,rstittlelj@example.com
"Hauck, Muller and Herzog",1815 Sutherland Parkway,bdesmondlk@washington.edu
Treutel Group,511 Esker Park,sgowriell@kickstarter.com
Gleichner Group,89 Northport Street,bsarsonlm@theguardian.com
Fritsch-Abernathy,789 Acker Way,lpaslowln@psu.edu
"Bruen, Heller and Kreiger",4 Amoth Circle,rcavaneylo@woothemes.com
Von-Cartwright,73 La Follette Court,pbottomslp@dedecms.com
"Goodwin, Roob and Jacobs",69 Bultman Hill,akreuzerlq@addtoany.com
Sipes-Schmeler,00 Weeping Birch Plaza,btayspelllr@thetimes.co.uk
Goodwin-Ernser,8208 Sutherland Junction,msherrettls@multiply.com
McLaughlin-Balistreri,3262 Graedel Way,otusonlt@pagesperso-orange.fr
"Mueller, Harris and Kutch",3 Esker Point,tsegerlu@naver.com
Johns Group,50258 Michigan Alley,tmudielv@ca.gov
White-Kub,95683 Twin Pines Parkway,acurromlw@yandex.ru
Torp Inc,8940 Birchwood Alley,chealeaslx@auda.org.au
"Bernier, Barrows and Olson",3 Forest Plaza,gdemeadly@sohu.com
"Bahringer, Boyer and Hermiston",421 Lawn Court,achinalz@zimbio.com
Lind Group,535 Westend Alley,rdreierm0@163.com
Huel-Haley,0758 Killdeer Lane,lrickmanm1@microsoft.com
O'Kon Inc,777 Kenwood Drive,lmaddisonm2@amazon.com
"Hyatt, Jast and McLaughlin",393 Chive Parkway,rlosseljongm3@mit.edu
McKenzie and Sons,6063 Service Crossing,dwitherm4@de.vu
Orn-Roberts,84 Shoshone Way,gbourdasm5@privacy.gov.au
Bayer Inc,40305 Butternut Plaza,rdellarm6@pcworld.com
Vandervort Inc,40 Iowa Terrace,bmacrorym7@123-reg.co.uk
Goodwin LLC,37 Vera Place,sfremantlem8@eepurl.com
Ledner-Welch,94 Anzinger Park,kzannotellim9@scientificamerican.com
"Auer, Yost and Hermann",5930 Bonner Street,bdymottma@sakura.ne.jp
Shanahan and Sons,3243 Bunker Hill Terrace,rkoeppkemb@wp.com
Johnston and Sons,34306 2nd Terrace,espallsmc@a8.net
"Pacocha, Glover and Corwin",15 Delladonna Way,slamplughmd@ucoz.ru
Jast-Oberbrunner,685 Rieder Circle,rmatisseme@uiuc.edu
Kirlin-Kutch,1156 Haas Alley,pronchimf@google.fr
Hegmann-Terry,16323 Muir Pass,ltendermg@dyndns.org
"Dach, Strosin and Davis",635 Namekagon Road,llorrainemh@cnet.com
Douglas-Murray,75 Lakewood Gardens Plaza,ashalloomi@google.com.br
"Schuster, Gibson and Corkery",4411 Fordem Place,drobbmj@chron.com
Kihn-Kuhn,8 Hollow Ridge Avenue,tbaswallmk@hc360.com
Maggio-Wolff,04036 Riverside Parkway,tmcinneryml@usatoday.com
Beatty and Sons,346 Magdeline Road,pmatashkinmm@netscape.com
Bogan LLC,02 Green Park,lboichatmn@lycos.com
"Funk, Macejkovic and Jacobson",036 Surrey Drive,sgillermo@census.gov
Schinner Inc,7 Bartelt Center,pboundeymp@godaddy.com
Goldner LLC,816 Texas Drive,kshurlockmq@squarespace.com
"Monahan, Senger and Dicki",96249 Fair Oaks Court,cdeacockmr@sohu.com
Stracke-Herman,333 Waubesa Crossing,tdagwellms@hhs.gov
"Lang, Hodkiewicz and Crooks",65741 Columbus Junction,rteallmt@spotify.com
"Herzog, DuBuque and Morar",80493 Rutledge Place,atommasettimu@samsung.com
"Osinski, Langosh and Kerluke",268 Sunnyside Place,caustmv@elegantthemes.com
Koepp-Labadie,2 Cardinal Center,dbusmw@symantec.com
Littel-Bradtke,457 Roxbury Court,vnanomx@amazon.co.jp
Thompson-Jaskolski,9906 Spohn Center,stottonmy@infoseek.co.jp
Collins-Becker,82 Gina Crossing,wharringtonmz@discovery.com
"Erdman, Sanford and Ritchie",3512 Surrey Alley,oaindraisn0@naver.com
Buckridge-Heathcote,633 Loftsgordon Road,cneedhamn1@vistaprint.com
"Bailey, Roob and Flatley",0412 Scofield Lane,inewcomn2@auda.org.au
Hills-Hirthe,4167 Arkansas Lane,sjewissn3@ebay.com
Dietrich-Rolfson,9 Browning Lane,slampingn4@booking.com
Murray-Johnston,5 Monica Road,mebblesn5@npr.org
Cummerata-Cummings,4290 Westerfield Lane,mcroslandn6@smh.com.au
Frami-Nikolaus,2900 Anzinger Court,dpresdien7@nytimes.com
"Kulas, Hodkiewicz and Herzog",55 Esch Place,tsuchn8@stanford.edu
Hoppe Inc,648 Surrey Street,iclosen9@arstechnica.com
Daugherty-Ritchie,1 Lakewood Gardens Road,sslaineyna@cocolog-nifty.com
"Ebert, Morar and Treutel",4 Bowman Lane,iduetschenb@bravesites.com
Medhurst-Turcotte,3 Ridgeway Avenue,acamollinc@redcross.org
O'Reilly Inc,8614 Hintze Junction,ederksnd@baidu.com
Zieme Group,81776 Corben Crossing,mmiettinenne@facebook.com
Borer and Sons,53494 Michigan Park,dgansbuhlernf@canalblog.com
Daugherty-Trantow,69 Vidon Park,sdalgettyng@addthis.com
Schuster and Sons,0 Elka Trail,abeagannh@npr.org
"Hermiston, Murazik and Hauck",99083 Crowley Street,blantiffeni@un.org
Legros Group,224 Washington Terrace,eyorstonnj@cam.ac.uk
"Herzog, Gottlieb and Maggio",45 Green Lane,sribank@eepurl.com
Kuhn LLC,9 Mcbride Hill,nrydingnl@4shared.com
Stark and Sons,6 Quincy Court,mkitenm@nymag.com
Williamson-Hamill,86578 Northfield Center,bdanilyaknn@over-blog.com
Huels-Jacobson,9 School Avenue,flindno@time.com
"Green, Collier and Sipes",7 Randy Crossing,jbakewellnp@gnu.org
Abbott-Stroman,181 Aberg Point,amacallennq@unc.edu
"Lynch, Kautzer and McGlynn",59028 Carey Terrace,rauchterlonienr@boston.com
Kunde-Lockman,8 Golf View Pass,abassetns@cloudflare.com
Howell-Jaskolski,32144 Bobwhite Alley,lskehensnt@nymag.com
"Conroy, Altenwerth and Quigley",34 Dorton Junction,pailmernu@123-reg.co.uk
Torp Inc,208 Sachs Court,rkilsbynv@omniture.com
"Padberg, Willms and Vandervort",1 Kensington Court,rtockellnw@nydailynews.com
Veum-Christiansen,1 Comanche Plaza,vquesnenx@linkedin.com
Hermiston and Sons,5 Barby Trail,hdellentyny@cocolog-nifty.com
"Reilly, Gaylord and D'Amore",0002 Dunning Crossing,ehaughannz@blogtalkradio.com
"Ullrich, Skiles and Skiles",00 Acker Parkway,jeedeo0@sogou.com
"Kozey, Auer and Lehner",555 Warrior Court,zhukeo1@friendfeed.com
Blanda-Quigley,5550 Mariners Cove Alley,mknappetto2@ovh.net
Anderson Group,56245 Mallard Lane,mbatesono3@cnn.com
Nikolaus Inc,1896 Twin Pines Terrace,gcrisello4@ucoz.com
"Jacobs, Leffler and Anderson",375 Sunbrook Road,erobkeo5@blogger.com
"Towne, Lesch and Hegmann",12960 Goodland Plaza,hharko6@stanford.edu
Hyatt-Schumm,8049 Montana Point,cdillowo7@homestead.com
Fay-Weimann,9 Derek Plaza,aboggso8@so-net.ne.jp
Wisozk Group,86 Delaware Trail,tdarwoodo9@mapquest.com
Huels Group,1 Cody Drive,lmartinekoa@constantcontact.com
"Bahringer, Auer and Nolan",380 Dayton Court,egarzob@creativecommons.org
"Christiansen, O'Hara and Upton",878 Hagan Court,roverpooloc@technorati.com
Breitenberg-Kris,84 Village Place,ywensleyod@nytimes.com
"Cole, Roob and Becker",22 Service Lane,ecobbinoe@dagondesign.com
"Glover, Toy and Feil",0077 Mifflin Lane,fhelmof@usatoday.com
Boyer-Homenick,86713 Miller Circle,rmashamog@businessinsider.com
Stanton LLC,01618 Grasskamp Court,cgeockleoh@unblog.fr
"Ferry, Padberg and Spencer",2 Erie Court,hmatthisoi@github.com
Sipes Group,85 Schurz Circle,dvanleijsoj@live.com
Moore-Tromp,86345 Bartillon Circle,sbeaumentok@sun.com
"Klein, Prosacco and Kutch",12 Ilene Alley,rgeorgeauol@reuters.com
"Bahringer, Rice and Hilll",013 Shelley Lane,akernleyom@yelp.com
Hoppe Group,8132 Service Circle,itippingson@wufoo.com
Kutch and Sons,745 Coleman Lane,pgosneyoo@moonfruit.com
Rohan-Brekke,4 Sunnyside Trail,pmorlonop@buzzfeed.com
Mertz Group,61 Jenifer Pass,mmatchesoq@youtube.com
Hintz and Sons,683 Bartillon Lane,rriselyor@shinystat.com
Bechtelar Inc,9453 Roth Point,ggilleros@homestead.com
"Cassin, Purdy and Huel",8698 Lerdahl Parkway,gallanot@angelfire.com
Cummings Group,72123 Kropf Point,sandinoou@free.fr
"VonRueden, Cruickshank and Sawayn",27 Trailsway Hill,ryeudallov@webeden.co.uk
Thiel Group,09794 Fordem Lane,mgooseyow@webeden.co.uk
Prohaska Group,57 Lerdahl Way,afanthamox@i2i.jp
Fay Group,461 Anhalt Street,kdomenichellioy@psu.edu
"Fay, Mayert and Deckow",157 Commercial Hill,ebartoszewiczoz@kickstarter.com
"Kozey, Rogahn and Murphy",867 Fordem Center,abrokep0@nba.com
"Wisoky, Dooley and Jerde",91 Tennyson Circle,speaseep1@sphinn.com
"Upton, Abshire and Ernser",21 Milwaukee Center,nchilversp2@statcounter.com
Crist LLC,45 Stuart Street,rastlesp3@domainmarket.com
Ruecker-Mertz,06 Bunting Junction,bpyvisp4@symantec.com
Swift-Rempel,603 Clemons Center,ksimonitep5@vinaora.com
"Bergnaum, Koelpin and Heathcote",5 Spenser Circle,tchesselp6@trellian.com
Conroy-Rau,744 Pennsylvania Parkway,kyuryatinp7@soup.io
"Rice, Goodwin and Stehr",7491 Vernon Parkway,bcailep8@yahoo.com
"Boyer, Cormier and Corwin",9628 Goodland Lane,gpottsp9@dot.gov
"Bosco, Pouros and Thiel",91 Columbus Street,kquarmbypa@sciencedaily.com
"Hammes, Lind and Wintheiser",61573 Anthes Court,atunnadinepb@t.co
"Wolff, Renner and Bosco",55 Basil Circle,tkoomarpc@auda.org.au
Paucek Group,353 Nancy Trail,jjanowiczpd@tripadvisor.com
"Hoppe, Gleichner and Farrell",72 Mandrake Circle,mcowgillpe@discovery.com
Johnson and Sons,630 Waubesa Center,hgurlingpf@oaic.gov.au
Gulgowski-Swift,393 Bay Street,jstorchpg@artisteer.com
Strosin LLC,41562 Susan Junction,rknappittph@earthlink.net
"Cummings, Sauer and Collier",483 Clarendon Drive,lcongdonpi@buzzfeed.com
Gulgowski-Kohler,90273 Lukken Street,xtrowlerpj@dropbox.com
"Lakin, Auer and Blanda",95939 Washington Lane,mbuckberrypk@booking.com
Mills Group,7492 Arrowood Way,ltamlettpl@prnewswire.com
Corkery-Rolfson,70 Lighthouse Bay Lane,torredpm@shop-pro.jp
"Greenfelder, Ferry and D'Amore",66 Golden Leaf Plaza,rcurrallpn@homestead.com
Koelpin Group,513 Rusk Terrace,ubeardsallpo@wix.com
"Shanahan, Kulas and Koelpin",8 Schurz Hill,rbriskeypp@statcounter.com
Runte-Mitchell,258 Shelley Avenue,bplaskettpq@trellian.com
Dickinson LLC,40 Northridge Hill,rbroselpr@over-blog.com
"Abbott, Baumbach and West",12 Fulton Avenue,lcrightonps@skype.com
Lang-Robel,7 Coleman Court,dcaswallpt@freewebs.com
"Mraz, Stark and Rohan",11 Debra Trail,gdudbridgepu@prnewswire.com
"Jacobi, Luettgen and Fritsch",317 Sommers Way,mkenlinpv@usda.gov
Hagenes Group,0331 New Castle Plaza,dturevillepw@chicagotribune.com
Ortiz Group,6231 Autumn Leaf Road,sburkhillpx@dailymail.co.uk
Murazik and Sons,19 Steensland Plaza,kmiccopy@sakura.ne.jp
Dickinson-Langosh,1 Raven Pass,bhauckpz@admin.ch
Feeney-Johnson,4845 Prairie Rose Avenue,gbealtonq0@kickstarter.com
Hand-Schaden,9540 Sycamore Plaza,hcoggeshallq1@globo.com
Braun LLC,578 Delaware Junction,jpollandq2@cisco.com
"Carter, Johnson and Daugherty",784 Jenifer Court,ejosilowskiq3@mapquest.com
Abshire and Sons,6 Myrtle Court,mskallyq4@accuweather.com
Hackett-Adams,92094 Nobel Way,clozanoq5@ifeng.com
Steuber and Sons,4 Red Cloud Center,rmustonq6@acquirethisname.com
Stehr and Sons,44 Ridge Oak Hill,gpostlewhiteq7@indiegogo.com
"Spencer, Hartmann and Farrell",9 Ryan Trail,cilchukq8@google.com.au
Zulauf-Hamill,6 Kings Crossing,ddelamaineq9@usatoday.com
"Terry, Terry and Reichert",1120 Charing Cross Circle,hmcavinqa@google.cn
"Bernhard, Streich and Schneider",3484 Brentwood Parkway,bscuddersqb@blog.com
Upton LLC,7 Starling Street,bschubertqc@goo.ne.jp
"Hirthe, Runte and Hammes",60 Del Mar Center,shamblingqd@ifeng.com
"Nikolaus, Marks and Marquardt",8737 Esch Drive,gbeertqe@wikipedia.org
"O'Keefe, Powlowski and Donnelly",4 Coolidge Junction,bdineenqf@hugedomains.com
Gibson LLC,98571 Acker Way,dpeedellqg@wufoo.com
Kuhn Inc,752 1st Way,jwestmancoatqh@cbc.ca
"MacGyver, Doyle and Leuschke",0315 Bobwhite Road,mlorenziniqi@berkeley.edu
"Johns, Schmeler and Murray",52 Porter Drive,arushqj@unesco.org
Kuhic and Sons,53 Maple Wood Avenue,emcgarrahanqk@mozilla.com
"McKenzie, Feest and Pollich",43 Arkansas Way,eraeburnql@jugem.jp
Wisoky and Sons,36 Lawn Plaza,rcruttendenqm@pen.io
Murray-Osinski,76 Maple Park,crowesqn@freewebs.com
Cummerata Group,31 Melrose Park,sandrolliqo@telegraph.co.uk
Konopelski-Fritsch,86 Buena Vista Point,msemorqp@nydailynews.com
Lowe LLC,33723 Kings Point,rdunguyqq@behance.net
Hackett-Trantow,34 Little Fleur Drive,pkirkbrideqr@quantcast.com
Towne-Spinka,80100 Cody Center,ddomenicoqs@yandex.ru
"Bartell, Wintheiser and Steuber",0033 Division Terrace,aballhamqt@google.com
Breitenberg and Sons,094 Burning Wood Hill,lmccaheyqu@webs.com
Bergstrom-Miller,1678 Moulton Place,elongmuirqv@ox.ac.uk
Fahey Group,6829 Petterle Way,bpoureqw@fotki.com
Rath Group,5106 Toban Junction,lschutteqx@google.co.jp
"Beatty, Beer and Hand",126 Longview Plaza,wedmeadsqy@quantcast.com
Collier-Volkman,5 Arizona Pass,rlorenzqz@bloglovin.com
"Williamson, Schamberger and Hettinger",7 Columbus Drive,rannattr0@bandcamp.com
Brown-Jaskolski,3 Haas Park,tmarrr1@ted.com
"Parker, McDermott and Pouros",06 Sugar Alley,hstobbartr2@mapquest.com
"Stark, Pagac and Bogisich",03109 Pearson Way,shaggidonr3@about.com
"Runte, Kuhic and Kohler",00803 Nancy Lane,iospellisseyr4@youtu.be
"Gottlieb, Heller and Cremin",59 Summer Ridge Drive,darrolr5@behance.net
"Rice, Bruen and Stanton",21177 Lillian Plaza,bheadleyr6@hibu.com
Zulauf LLC,76086 Blue Bill Park Drive,dburleyr7@amazon.com
Franecki-Wolf,4474 Stephen Crossing,spetrakovr8@so-net.ne.jp
Lemke-Miller,0 Pepper Wood Terrace,hfarleighr9@yolasite.com
Klocko-Klein,9461 Clyde Gallagher Park,rdunnicora@yellowbook.com
"Hoeger, Homenick and Flatley",06778 Boyd Alley,csalvatirb@dedecms.com
Kuvalis-Sanford,1 Chive Court,hclintrc@clickbank.net
"Carroll, Hirthe and Gleichner",562 Gulseth Park,mpitchersrd@prnewswire.com
Rath-Rempel,18319 Melby Hill,dburbudgere@mediafire.com
Batz Group,1 Sloan Pass,cmousdallrf@tuttocitta.it
Considine-Heaney,27635 Arrowood Trail,vyakovlivrg@deviantart.com
Glover Inc,605 Forest Dale Point,leagleshamrh@eepurl.com
"Morar, Brekke and Kassulke",16184 Drewry Alley,aepelettri@ehow.com
"Schultz, Prohaska and Macejkovic",6 Magdeline Drive,dblakelyrj@toplist.cz
Ebert LLC,18718 Summerview Point,lmacsweeneyrk@netvibes.com
Hackett-Jerde,661 Lyons Lane,gpostansrl@gravatar.com
"Parker, Bode and Hettinger",484 Waxwing Pass,dgainforthrm@stumbleupon.com
Larkin LLC,9 Division Center,isheadrn@smugmug.com
Bergnaum-Waelchi,572 Kropf Alley,pfortunero@scribd.com
"Sipes, Hermiston and Christiansen",53 Eggendart Point,ltumbeltyrp@bravesites.com
Gleason-Kautzer,048 Sheridan Avenue,cfewtrellrq@google.nl
Lindgren and Sons,65525 Dawn Way,csamweyesrr@prweb.com
